milestone_id,comp_1,comp_2,comp_3
group_a,0.3783093302903373,-0.22781316770098142,0.3966353381822685
group_b,0.2985444366945206,-0.3571815761685565,0.05576646753218868
group_c,0.18138605510491004,0.2290955983351303,-0.32992453272330285
group_d,-0.7285602818038167,0.1392070076480134,0.4275931407778523
group_e,0.10144831291964243,0.16745189306857491,-0.1287153322554281
