milestone_id,comp_1,comp_2,comp_3
group_a,0.05656503639406636,-0.679204179374295,-0.4148686827975442
group_b,0.12388318319430244,0.46888604771224884,0.092476060694195
group_c,-0.11453528612512183,-0.0013941719437194453,-0.45914823340381233
group_d,0.04022532807736663,0.1090937852178372,-0.19101487912304208
group_e,-0.051089248144060274,-0.18509490261831557,0.0066693239431309575
