from,to,cell_id,percentage
group_b,group_c,cell_1,0.910370304249227
group_c,group_d,cell_2,0.14260408212430775
group_b,group_c,cell_3,0.41504762531258166
group_c,group_d,cell_4,0.2109257506672293
group_c,group_d,cell_5,0.42875037086196244
group_c,group_d,cell_6,0.1326899752020836
group_b,group_c,cell_7,0.4600964458659291
group_b,group_c,cell_8,0.9429570592474192
group_b,group_c,cell_9,0.761973861604929
group_c,group_d,cell_10,0.9329098288435489
