cell_id,pseudotime
cell_1,4.2717921431176364
cell_2,8.970696709584445
cell_3,9.304228995461017
cell_4,7.033067226875573
cell_5,5.455789167899638
cell_6,7.848971683997661
cell_7,3.141854698769748
cell_8,8.747097505256534
cell_9,0.47737336717545986
cell_10,0.20047432044520974
