cell_id,pseudotime
cell_1,3.285687060561031
cell_2,7.660824502818286
cell_3,8.787358677946031
cell_4,3.5920590185560286
cell_5,9.823067802935839
cell_6,3.787511794362217
cell_7,8.907044939696789
cell_8,5.100356608163565
cell_9,1.7815894074738026
cell_10,9.467981702182442
