cell_id,pseudotime
cell_1,5.784435062669218
cell_2,0.3619702276773751
cell_3,2.2116578137502074
cell_4,3.777407850138843
cell_5,9.637115602381527
cell_6,9.313365365378559
cell_7,7.441144452895969
cell_8,2.161626659799367
cell_9,5.996201252564788
cell_10,2.2650141012854874
