cell_id,branch_id,percentage
cell_1,2,0.910370304249227
cell_2,3,0.14260408212430775
cell_3,2,0.41504762531258166
cell_4,3,0.2109257506672293
cell_5,3,0.42875037086196244
cell_6,3,0.1326899752020836
cell_7,2,0.4600964458659291
cell_8,2,0.9429570592474192
cell_9,2,0.761973861604929
cell_10,3,0.9329098288435489
