milestone_id,comp_1,comp_2
group_a,0.6095790379079157,-0.0639577635704274
group_b,0.17475979415608106,-0.5872290515351316
group_c,0.29432824785338374,0.07759326746842177
group_d,-0.8246953046124731,0.6140916995415885
group_e,0.3906518276702575,0.41313521910963275
