milestone_id,comp_1,comp_2,comp_3
group_a,0.6095790379079157,-0.0639577635704274,0.4990279886872522
group_b,0.17475979415608106,-0.5872290515351316,0.03515237462023812
group_c,0.29432824785338374,0.07759326746842177,-0.3569112523903756
group_d,-0.8246953046124731,0.6140916995415885,0.37278330327550596
group_e,0.3906518276702575,0.41313521910963275,-0.017624568616058302
