cell_id,pseudotime
cell_1,7.632226895075291
cell_2,9.479663546662778
cell_3,8.186346883885562
cell_4,3.082923307083547
cell_5,6.495794604998082
cell_6,9.533554511144757
cell_7,9.537326500285417
cell_8,3.3997920341789722
cell_9,2.6247411011718214
cell_10,1.654539331793785
